<?xml version="1.0" encoding="UTF-8"?>
<project-private xmlns="http://www.netbeans.org/ns/project-private/1">
    <editor-bookmarks xmlns="http://www.netbeans.org/ns/editor-bookmarks/2" lastBookmarkId="0"/>
    <open-files xmlns="http://www.netbeans.org/ns/projectui-open-files/2">
        <group>
            <file>file:/D:/Micro%20Chip/Final%20Project/UART%20data%20transfer%20from%20Arduino%20to%20PIC%20Microcontroller%20(Working)/PIC%20Receiver/main.c</file>
            <file>file:/D:/Micro%20Chip/Final%20Project/UART%20data%20transfer%20from%20Arduino%20to%20PIC%20Microcontroller%20(Working)/PIC%20Receiver/mcc_generated_files/uart1.c</file>
        </group>
    </open-files>
</project-private>
